"p_val","avg_log2FC","pct.1","pct.2","p_val_adj","cluster","gene"
1.17983529130498e-27,1.21898925070586,0.352,0.271,2.10694986321242e-23,"0","Rapsn"
0,1.85766422655404,0.93,0.409,0,"1","Sparc"
0,2.30825503329695,0.585,0.128,0,"1","Siglech"
1.66278861477634e-260,1.12410085509261,0.956,0.574,2.96940790826759e-256,"1","Cd81"
2.66110604129793e-256,1.36888949131143,0.827,0.331,4.75220316854984e-252,"1","Gpr34"
1.89404018933285e-240,1.32241990014012,0.733,0.259,3.38237697011061e-236,"1","Plxdc2"
1.20784977059182e-221,1.9951059974409,0.515,0.141,2.15697812032288e-217,"1","Lag3"
7.94622191357211e-220,1.30043839778907,0.899,0.504,1.41903630932571e-215,"1","Egr1"
1.93535728300418e-207,1.00859044918932,0.683,0.235,3.45616103598886e-203,"1","Serpine2"
2.81567713521983e-202,1.46474866177998,0.691,0.274,5.02823622807558e-198,"1","P2ry12"
8.28156323222627e-202,2.15305641457106,0.353,0.065,1.47892156201097e-197,"1","Sall1"
0,1.24341324859104,0.999,0.883,0,"2","Plin2"
0,1.07632676804305,1,0.895,0,"2","Cstb"
0,1.18316178129913,0.999,0.932,0,"2","Lgals1"
0,1.51537298287995,1,0.948,0,"2","Lgals3"
1.02134116500905e-281,1.30558605654023,0.999,0.949,1.82391105247315e-277,"2","Fabp5"
1.28061053619191e-280,1.72530627515884,0.898,0.468,2.28691429553152e-276,"2","Cd36"
5.50202727828512e-244,1.36269907366605,1,0.996,9.82552031356157e-240,"2","Spp1"
6.79399310563043e-237,1.18321757322819,0.947,0.696,1.21327128880348e-232,"2","Anxa2"
6.5631597072914e-222,1.00772144105134,0.987,0.792,1.1720490605281e-217,"2","Capg"
1.47835012397957e-188,1.01734655600521,0.916,0.617,2.64003765140271e-184,"2","S100a11"
0,4.82698214228959,0.895,0.076,0,"3","Pclaf"
0,4.23167315529713,0.902,0.093,0,"3","Top2a"
0,6.13801289358122,0.785,0.04,0,"3","Hist1h1b"
0,3.47980909415302,0.856,0.114,0,"3","Mki67"
0,3.16552729003831,0.877,0.162,0,"3","Smc2"
0,3.55213262046877,0.83,0.115,0,"3","Cdk1"
0,4.82901603978691,0.75,0.046,0,"3","Tk1"
0,5.56682102564219,0.724,0.032,0,"3","Rrm2"
0,3.51521129126368,0.806,0.119,0,"3","Rrm1"
0,3.04352231580771,0.981,0.303,0,"3","Stmn1"
3.74990201079507e-192,1.25388109025001,1,0.923,6.69657501087784e-188,"4","Gpnmb"
1.93753954087964e-153,1.69688450992355,0.79,0.375,3.46005811210286e-149,"4","Hpse"
5.6480369276093e-151,1.25317959873466,0.997,0.906,1.00862643453247e-146,"4","Txn1"
4.51716557119593e-149,1.04528799452043,0.977,0.843,8.0667542770417e-145,"4","Pld3"
5.81269042483044e-136,1.86898129618165,0.654,0.26,1.03803025606622e-131,"4","Plpp3"
2.21403383156635e-134,1.71188179773932,0.8,0.438,3.95382161641118e-130,"4","Rilpl2"
1.26415535298983e-127,1.51707603864922,0.773,0.399,2.25752862936924e-123,"4","Ahnak2"
4.20470962507383e-127,2.0001861022218,0.604,0.232,7.50877044845685e-123,"4","Cdo1"
6.71989027821427e-125,1.7399833838037,0.75,0.367,1.2000380058835e-120,"4","Gstm1"
8.22873256052342e-122,1.62857961964372,0.714,0.331,1.46948706065827e-117,"4","Ddhd1"
0,3.43149770103079,0.856,0.127,0,"5","Birc5"
0,3.96438307732975,0.786,0.089,0,"5","Ccnb2"
0,3.45417225900954,0.848,0.174,0,"5","Cenpa"
0,4.02378058337895,0.744,0.084,0,"5","Cenpf"
0,3.86016927668741,0.75,0.104,0,"5","Ube2c"
0,3.95517393733112,0.704,0.071,0,"5","Hmmr"
0,4.21805256003428,0.696,0.068,0,"5","Cdkn3"
0,3.15318224915221,0.728,0.112,0,"5","Cdca3"
0,4.50259043982717,0.618,0.05,0,"5","Cdc20"
0,3.97298933353669,0.586,0.068,0,"5","Ccnb1"
0,6.41373363244834,0.432,0.018,0,"6","Ifitm6"
0,6.26971098098096,0.41,0.014,0,"6","Klrd1"
0,7.54125120455059,0.366,0.006,0,"6","Cd209a"
2.5358849586953e-306,4.248271524038,0.648,0.071,4.52858335923807e-302,"6","Ccr2"
4.06115716397611e-291,4.47519755918726,0.393,0.02,7.25241446342853e-287,"6","Ciita"
9.2971492018588e-276,5.04574589192187,0.423,0.027,1.66028490446795e-271,"6","Plac8"
1.8875378503669e-263,4.47919675021275,0.724,0.121,3.37076509318521e-259,"6","H2-Aa"
5.44185326734484e-251,4.4854948302657,0.683,0.11,9.71806156482442e-247,"6","H2-Eb1"
1.257657680855e-248,4.04752462219552,0.691,0.115,2.24592508647086e-244,"6","Plbd1"
1.85333473836768e-234,5.4435830519093,0.363,0.024,3.30968517577701e-230,"6","Mcemp1"
1.9714883062319e-127,3.05621723914138,0.83,0.308,3.52068381726892e-123,"7","Apoc4"
3.61765870715101e-110,1.18562425729391,1,0.934,6.46041491923028e-106,"7","Timp2"
2.07288535076544e-109,3.39719989104405,0.309,0.037,3.70175865939693e-105,"7","C4b"
1.85399837843185e-107,2.9092995482455,0.534,0.122,3.3108703042036e-103,"7","Colec12"
6.40566794474913e-107,3.50874615595801,0.469,0.095,1.1439241815733e-102,"7","Lyz1"
2.04891333330412e-105,1.80889530580699,0.904,0.379,3.6589494306145e-101,"7","Ctla2a"
1.22786239097603e-79,1.3222460564858,0.965,0.688,2.192716657805e-75,"7","Pmepa1"
2.68379572017674e-67,1.40549520251649,0.531,0.158,4.79272239709163e-63,"7","Mrc1"
3.12419007440246e-66,1.12458986085866,0.984,0.886,5.57917863486792e-62,"7","Trf"
9.53492999813564e-66,1.87335048807996,0.711,0.329,1.70274779906706e-61,"7","Folr2"
0,8.4508031017185,0.488,0.008,0,"8","Cd163"
3.86188769391936e-184,5.30873813832341,0.455,0.022,6.8965590438012e-180,"8","Mgl2"
6.24903788480345e-113,3.80161897635295,0.78,0.127,1.1159531854682e-108,"8","H2-Eb1"
8.34980260986121e-106,3.67076658889785,0.789,0.14,1.49110775006902e-101,"8","H2-Aa"
7.78429004088751e-93,5.18259737758854,0.756,0.164,1.39011851550169e-88,"8","Mrc1"
2.56066283960872e-85,3.52761212153872,0.813,0.192,4.57283169897326e-81,"8","H2-Ab1"
1.42862113305323e-82,3.66186857505194,0.862,0.24,2.55123161940646e-78,"8","Cd74"
9.88282496415106e-50,2.43564350867302,0.935,0.651,1.7648748820981e-45,"8","Ifitm3"
1.25669562855159e-45,2.3967960824982,0.862,0.489,2.24420705346743e-41,"8","Tmem176b"
2.89800012852288e-44,4.45464314883102,0.341,0.056,5.17524862951617e-40,"8","Lifr"
0,4.24773566315688,0.902,0.036,0,"9","Plac8"
0,11.0489304674853,0.793,0.001,0,"9","Xcr1"
0,5.59706323891338,0.761,0.019,0,"9","Jaml"
0,8.08612145956286,0.739,0.007,0,"9","Ifi205"
0,6.98477316998419,0.717,0.007,0,"9","Itgae"
0,8.28507181960705,0.674,0.003,0,"9","Clec9a"
0,6.60370030932987,0.511,0.005,0,"9","Fcrla"
0,8.24798690151839,0.489,0.004,0,"9","Snx22"
0,7.77733235334259,0.446,0.002,0,"9","Gm43914"
0,10.8013980894409,0.326,0,0,"9","Gcsam"
