"p_val","avg_log2FC","pct.1","pct.2","p_val_adj","cluster","gene"
1.17983529130498e-27,1.21898925070586,0.352,0.271,2.10694986321242e-23,"0","Rapsn"
0,2.30825503329695,0.585,0.128,0,"1","Siglech"
8.28156323222627e-202,2.15305641457106,0.353,0.065,1.47892156201097e-197,"1","Sall1"
1.20784977059182e-221,1.9951059974409,0.515,0.141,2.15697812032288e-217,"1","Lag3"
0,1.85766422655404,0.93,0.409,0,"1","Sparc"
1.08814937000848e-144,1.85139502832531,0.313,0.072,1.94321714496114e-140,"1","Nav3"
3.09223126513838e-165,1.70610453023607,0.442,0.129,5.52210659328413e-161,"1","Gpr84"
1.15878802092881e-133,1.59079885602495,0.361,0.101,2.06936364777466e-129,"1","Slc12a2"
2.81567713521983e-202,1.46474866177998,0.691,0.274,5.02823622807558e-198,"1","P2ry12"
2.61402913560401e-168,1.46303433296407,0.437,0.119,4.66813323036164e-164,"1","Cd34"
9.21060241410297e-147,1.43873114602677,0.455,0.147,1.64482937911051e-142,"1","Tanc2"
8.10344462240996e-166,1.88190509744794,0.551,0.207,1.44711314066997e-161,"2","F7"
1.28061053619191e-280,1.72530627515884,0.898,0.468,2.28691429553152e-276,"2","Cd36"
1.16956659990743e-168,1.70343096989119,0.771,0.418,2.08861203411469e-164,"2","Fabp4"
3.31083681099687e-144,1.63962561445159,0.599,0.267,5.91249237707821e-140,"2","Il7r"
3.09939236631569e-34,1.54537654156759,0.458,0.311,5.53489488776656e-30,"2","Mfge8"
4.18099616995879e-180,1.520869648188,0.748,0.364,7.46642296031241e-176,"2","Anxa1"
0,1.51537298287995,1,0.948,0,"2","Lgals3"
5.54085775579236e-51,1.48064764259493,0.335,0.165,9.894863780294e-47,"2","Tfrc"
8.92021132874355e-162,1.42889729828442,0.884,0.6,1.59297133908702e-157,"2","Lpl"
2.18556840463262e-107,1.4134471593071,0.99,0.941,3.90298805699293e-103,"2","Ctsl"
0,6.53644494673583,0.563,0.011,0,"3","Esco2"
0,6.13801289358122,0.785,0.04,0,"3","Hist1h1b"
0,6.01901922190017,0.506,0.013,0,"3","Hist1h2ab"
0,6.00077731374395,0.533,0.013,0,"3","Hist1h3c"
0,5.79422824576241,0.327,0.008,0,"3","Ccne2"
0,5.67678802756078,0.321,0.006,0,"3","Hist1h1a"
0,5.64217151155747,0.649,0.028,0,"3","Hist1h2ap"
0,5.56682102564219,0.724,0.032,0,"3","Rrm2"
0,5.41554822977007,0.715,0.054,0,"3","Hist1h2ae"
0,5.23300165082456,0.61,0.025,0,"3","Rad51ap1"
1.45529758636543e-84,2.40239738707068,0.471,0.185,2.59887042973138e-80,"4","Gdf15"
4.20470962507383e-127,2.0001861022218,0.604,0.232,7.50877044845685e-123,"4","Cdo1"
1.05773024506112e-93,1.97979142491455,0.499,0.192,1.88889467163015e-89,"4","Fbxo32"
5.81269042483044e-136,1.86898129618165,0.654,0.26,1.03803025606622e-131,"4","Plpp3"
3.53444849161079e-57,1.74410918078962,0.368,0.151,6.31181811631855e-53,"4","Gadd45a"
6.71989027821427e-125,1.7399833838037,0.75,0.367,1.2000380058835e-120,"4","Gstm1"
1.69602156348146e-76,1.7142224244765,0.453,0.184,3.0287553080652e-72,"4","Capn15"
2.21403383156635e-134,1.71188179773932,0.8,0.438,3.95382161641118e-130,"4","Rilpl2"
1.93753954087964e-153,1.69688450992355,0.79,0.375,3.46005811210286e-149,"4","Hpse"
9.50857357491087e-57,1.6622942353536,0.373,0.152,1.69804106900758e-52,"4","Mcoln3"
0,4.50259043982717,0.618,0.05,0,"5","Cdc20"
0,4.21805256003428,0.696,0.068,0,"5","Cdkn3"
4.40854566855788e-214,4.15068440012713,0.31,0.023,7.87278085491066e-210,"5","Nek2"
0,4.02378058337895,0.744,0.084,0,"5","Cenpf"
0,3.97298933353669,0.586,0.068,0,"5","Ccnb1"
0,3.96438307732975,0.786,0.089,0,"5","Ccnb2"
0,3.95517393733112,0.704,0.071,0,"5","Hmmr"
1.27508412541441e-258,3.95218950752392,0.442,0.044,2.27704523116506e-254,"5","Aspm"
1.16259938550736e-221,3.92928698901991,0.398,0.041,2.07616998263905e-217,"5","Kif20a"
0,3.86016927668741,0.75,0.104,0,"5","Ube2c"
0,7.54125120455059,0.366,0.006,0,"6","Cd209a"
0,6.41373363244834,0.432,0.018,0,"6","Ifitm6"
0,6.26971098098096,0.41,0.014,0,"6","Klrd1"
1.85333473836768e-234,5.4435830519093,0.363,0.024,3.30968517577701e-230,"6","Mcemp1"
9.2971492018588e-276,5.04574589192187,0.423,0.027,1.66028490446795e-271,"6","Plac8"
7.1159011364267e-161,4.82418962805365,0.396,0.05,1.27075762494308e-156,"6","Il1b"
2.98381244115671e-202,4.52965295827691,0.73,0.176,5.32849225741765e-198,"6","H2-Ab1"
5.44185326734484e-251,4.4854948302657,0.683,0.11,9.71806156482442e-247,"6","H2-Eb1"
1.8875378503669e-263,4.47919675021275,0.724,0.121,3.37076509318521e-259,"6","H2-Aa"
1.20250688589341e-227,4.47834807544059,0.407,0.034,2.14743679682846e-223,"6","Itgb7"
6.40566794474913e-107,3.50874615595801,0.469,0.095,1.1439241815733e-102,"7","Lyz1"
2.07288535076544e-109,3.39719989104405,0.309,0.037,3.70175865939693e-105,"7","C4b"
1.9714883062319e-127,3.05621723914138,0.83,0.308,3.52068381726892e-123,"7","Apoc4"
1.85399837843185e-107,2.9092995482455,0.534,0.122,3.3108703042036e-103,"7","Colec12"
6.10957175160466e-62,2.55755491057089,0.354,0.083,1.09104732340156e-57,"7","Adarb1"
1.55884129120288e-15,2.29165979275055,0.646,0.463,2.78377877783011e-11,"7","Apoc1"
1.41421401489199e-61,1.94387511665181,0.572,0.212,2.52550338779411e-57,"7","Siglec1"
1.39070443956242e-42,1.94110237143912,0.392,0.132,2.48351998817057e-38,"7","Etv1"
1.7998755156722e-34,1.93536692066515,0.325,0.108,3.21421769588742e-30,"7","1700003F12Rik"
9.53492999813564e-66,1.87335048807996,0.711,0.329,1.70274779906706e-61,"7","Folr2"
0,8.4508031017185,0.488,0.008,0,"8","Cd163"
3.86188769391936e-184,5.30873813832341,0.455,0.022,6.8965590438012e-180,"8","Mgl2"
7.78429004088751e-93,5.18259737758854,0.756,0.164,1.39011851550169e-88,"8","Mrc1"
2.46189108548286e-43,4.46028805953699,0.301,0.044,4.39644510045529e-39,"8","C4b"
2.89800012852288e-44,4.45464314883102,0.341,0.056,5.17524862951617e-40,"8","Lifr"
1.26174709235736e-40,4.06450119365217,0.325,0.054,2.25322795753178e-36,"8","Clec4a1"
6.24903788480345e-113,3.80161897635295,0.78,0.127,1.1159531854682e-108,"8","H2-Eb1"
8.34980260986121e-106,3.67076658889785,0.789,0.14,1.49110775006902e-101,"8","H2-Aa"
1.42862113305323e-82,3.66186857505194,0.862,0.24,2.55123161940646e-78,"8","Cd74"
2.05132248402673e-15,3.59582945366304,0.325,0.123,3.66325169197493e-11,"8","St3gal6"
0,11.0489304674853,0.793,0.001,0,"9","Xcr1"
0,10.8013980894409,0.326,0,0,"9","Gcsam"
0,8.28507181960705,0.674,0.003,0,"9","Clec9a"
0,8.24798690151839,0.489,0.004,0,"9","Snx22"
0,8.08612145956286,0.739,0.007,0,"9","Ifi205"
0,7.77733235334259,0.446,0.002,0,"9","Gm43914"
1.96597569409485e-292,7.15191830066596,0.348,0.004,3.51083939451458e-288,"9","Mycl"
0,6.98477316998419,0.717,0.007,0,"9","Itgae"
0,6.60370030932987,0.511,0.005,0,"9","Fcrla"
1.08540234797821e-275,6.34410838680359,0.5,0.012,1.93831151301949e-271,"9","Cldn1"
